{
  "zeros_1000x1000": 76.47566992091015,
  "rand_1000x1000": 3198.027379985433,
  "add_1000x1000": 234.92420004913583,
  "sub_1000x1000": 236.5227899281308,
  "mul_1000x1000": 225.85499013075605,
  "div_1000x1000": 213.59361009672284,
  "neg_1000x1000": 143.96471000509337,
  "abs_1000x1000": 144.0931999241002,
  "relu_1000x1000": 163.8553899829276,
  "sigmoid_1000x1000": 1069.288510188926,
  "tanh_1000x1000": 1321.8045001849532,
  "matmul_64x64": 5.607670173048973,
  "matmul_256x256": 1269.6074301493354,
  "matmul_1024x1024": 3867.1978501952253,
  "exp_1000x1000": 702.3290998768061,
  "log_1000x1000": 1039.9403201881796,
  "sqrt_1000x1000": 158.43834000406787,
  "sin_1000x1000": 798.500060045626,
  "cos_1000x1000": 789.2986098886468,
  "pow_1000x1000": 272.97677006572485,
  "sum_all_1000x1000": 133.35803989320993,
  "sum_dim0_1000x1000": 80.0374400569126,
  "sum_dim1_1000x1000": 140.3577800374478,
  "mean_dim0_1000x1000": 97.71543991519138,
  "mean_dim1_1000x1000": 153.7647400982678,
  "max_dim0_1000x1000": 106.81579995434731,
  "prod_all_1000x1000": 810.2270300150849,
  "cumsum_dim0_1000x1000": 2473.751050129067,
  "cumprod_dim0_1000x1000": 3124.522300204262,
  "transpose_1000x1000": 451.7568100709468,
  "reshape_1000x1000": 0.09965006029233336,
  "concatenate_4x250x1000": 153.9327099453658,
  "broadcast_add_1000": 332.02566992258653,
  "broadcast_mul_3d": 692.6825901609845,
  "gather_10k_from_1kx128": 170.72475980967283,
  "f64_add_1000x1000": 516.6649498278275,
  "f64_matmul_512x512": 6355.607100704219,
  "f64_exp_1000x1000": 2732.6795799308456
}