{
  "speed_add_1M": 49.35909993946552,
  "speed_mul_1M": 36.82926995679736,
  "speed_relu_1M": 37.89718000916764,
  "speed_sigmoid_1M": 137.4871499137953,
  "speed_exp_1M": 55.71904999669641,
  "speed_log_1M": 1149.8556801234372,
  "speed_tanh_1M": 204.80937004322186,
  "speed_gelu_1M": 149.59469001041725,
  "speed_matmul_64": 6.7309700534679,
  "speed_matmul_256": 71.09666999895126,
  "speed_matmul_1024": 3008.7199513218366,
  "speed_mlp_fwd_b32": 50.520889926701784,
  "speed_mlp_bwd_b32": 468.65126001648605,
  "speed_train_step_b32": 638.7356604682282,
  "speed_transformer_fwd": 2043.6542999232188,
  "speed_transformer_bwd": 3434.4377335704244,
  "speed_conv2d_fwd": 85.24253964424133,
  "speed_lstm_fwd": 1210.1258395705372,
  "speed_layernorm_fwd": 7.9117799759842455,
  "speed_softmax_fwd": 8.564379822928458,
  "speed_embedding_fwd": 13.029249967075884,
  "correct_mlp_loss_decrease": false,
  "correct_mlp_losses": [
    1.6936631202697754,
    1.6837708950042725,
    1.638311743736267,
    1.6016783714294434,
    1.6139838695526123,
    1.7004668712615967,
    1.6949526071548462,
    1.7150084972381592,
    1.58443021774292,
    1.7593246698379517
  ],
  "correct_autograd_maxerr": 0.008148193359374112,
  "correct_autograd_pass": false,
  "correct_softmax_maxdev": 1.7881393432617188e-07,
  "correct_softmax_pass": true,
  "correct_layernorm_mean_err": 8.195638656616211e-08,
  "correct_layernorm_var_err": 5.960464477539062e-07,
  "correct_layernorm_pass": true,
  "correct_ce_has_gradient": true,
  "correct_adamw_norm_before": 1.8175731897354126,
  "correct_adamw_norm_after": 4.766693115234375,
  "correct_conv2d_shape": true,
  "correct_conv2d_output_shape": [
    2,
    16,
    16,
    16
  ],
  "correct_dropout_zero_frac": 0.3027999997138977,
  "correct_dropout_pass": true,
  "correct_embedding_pass": true,
  "correct_rope_dot_original": -3.4872167110443115,
  "correct_rope_dot_rotated": -3.487215518951416,
  "correct_causal_mask_upper_sum": 0.0,
  "correct_causal_mask_pass": true,
  "correct_checkpoint_pass": true,
  "task_cnn_time_s": 0.2144786220160313,
  "task_cnn_final_loss": 2.3005151748657227,
  "task_lm_time_s": 0.3311794579785783,
  "task_lm_final_loss": 7.069908952713012,
  "task_ae_time_s": 0.13266090300749056,
  "task_ae_final_loss": 0.9740249276161194
}